create database zomatoproject;
use zomatoproject;

drop table if exists goldusers_signup;
CREATE TABLE goldusers_signup(userid integer,gold_signup_date date); 

INSERT INTO goldusers_signup(userid,gold_signup_date) 
 VALUES (1,'09-22-2017'),
(3,'04-21-2017');

drop table if exists users;
CREATE TABLE users(userid integer,signup_date date); 

INSERT INTO users(userid,signup_date) 
 VALUES (1,'09-02-2014'),
(2,'01-15-2015'),
(3,'04-11-2014');

drop table if exists sales;
CREATE TABLE sales(userid integer,created_date date,product_id integer); 

INSERT INTO sales(userid,created_date,product_id) 
 VALUES (1,'04-19-2017',2),
(3,'12-18-2019',1),
(2,'07-20-2020',3),
(1,'10-23-2019',2),
(1,'03-19-2018',3),
(3,'12-20-2016',2),
(1,'11-09-2016',1),
(1,'05-20-2016',3),
(2,'09-24-2017',1),
(1,'03-11-2017',2),
(1,'03-11-2016',1),
(3,'11-10-2016',1),
(3,'12-07-2017',2),
(3,'12-15-2016',2),
(2,'11-08-2017',2),
(2,'09-10-2018',3);


drop table if exists product;
CREATE TABLE product(product_id integer,product_name text,price integer); 

INSERT INTO product(product_id,product_name,price) 
 VALUES
(1,'p1',980),
(2,'p2',870),
(3,'p3',330);


select * from sales;
select * from product;
select * from goldusers_signup;
select * from users;

-- 1  what is the total amount each customer spent on zomato?
select s.userid,sum(p.price) as 'Total_amt_spent' from sales s
inner join product p
on s.product_id=p.product_id
group by s.userid;

--2 How many days has each customer visited zomato?
select userid,count(distinct(created_date)) as 'distinct_days' from sales
group by userid;

--3 Was the first product purchased by each customer?
select * from
(select *,rank() over(partition by userid order by created_date) rnk from sales) a
where rnk=1;

--4 What is the most purchased item on the menu and how many times was it purchsed by all customers?
select userid,count(product_id) cnt from sales 
where product_id=(select top 1 product_id from sales
group by product_id
order by count(product_id) desc)
group by userid;

--5 Which item was the most popular for each customer?
select * from
(select *,rank() over(partition by userid order by cnt desc) rnk from
(select userid,product_id,count(product_id) cnt from sales group by userid,product_id)a)b
where rnk = 1

--6 Which item was purchased first by the customer after they became a member?
 select * from
 (select c.*,rank() over(partition by userid order by created_date) rnk from 
 (select a.userid,a.created_date,a.product_id,b.gold_signup_date from sales a
inner join goldusers_signup b
on a.userid=b.userid
and created_date>=gold_signup_date) c)d
where rnk=1;

--7 which item was purchased just before the customer became a member?
select * from
 (select c.*,rank() over(partition by userid order by created_date desc) rnk from 
 (select a.userid,a.created_date,a.product_id,b.gold_signup_date from sales a
inner join goldusers_signup b
on a.userid=b.userid
and created_date<=gold_signup_date) c)d
where rnk=1;

create view my_zomatoproject
AS
